,created_at,favourite_count,language,retweet_count,tweet,tweet_id,tweet_time,user_id,Sentiment_score,weighted_sentiment_score
0,2017-12-04 13:39:02,0,en,2745,"RT @CryptoMarketPro: #Bitcoin $BTC Giveaway:

We are giving away 0.5 (~4,075$) #BTC to a random person who likes and retweets this tweet. Lâ€¦",934607585474502656,2017-11-26 02:19:47,929114215008239616,0.1,0.0
1,2017-12-04 13:39:02,0,en,82,"RT @vinarmani: The vision of

$BCH as expressed by @rogerkver

vs

$BTC as expressed by @LukeDashjr

Take note when deciding which is the Râ€¦",934607561017393152,2017-11-26 02:19:41,289448383,0.0,0.0
2,2017-12-04 13:39:02,0,en,29,"RT @cryptostardust: traders be like

2014: i should launch a shitcoin
2017: i should do an ICO
end of 2017: i should fork btc",934607512313171973,2017-11-26 02:19:29,905966758128996353,0.2,0.0
3,2017-12-04 13:39:02,0,en,25,RT @verretor: $USD crashed to an all time low of 0.00011781 $BTC today.,934607498199359488,2017-11-26 02:19:26,759770211763576833,-0.7,0.0
4,2017-12-04 13:39:02,0,en,2334,RT @PeterLBrandt: Wow!!! $BTC challenging upper resistance line of parabolic advance. This is biggest bull market of my 43 years of as a trâ€¦,934607466482028545,2017-11-26 02:19:18,873749462291763200,0.1,0.0
5,2017-12-04 13:39:03,0,en,2745,"RT @CryptoMarketPro: #Bitcoin $BTC Giveaway:

We are giving away 0.5 (~4,075$) #BTC to a random person who likes and retweets this tweet. Lâ€¦",934607454528311296,2017-11-26 02:19:15,194410762,0.1,0.0
6,2017-12-04 13:39:03,0,en,693,"RT @blocklancer: Congratulations to our partners of @micromoneyio! The ICO was successfully finished. Micromoney raised $ 10,541,585.

Overâ€¦",934607434143772674,2017-11-26 02:19:11,4314374594,0.2,0.0
7,2017-12-04 13:39:03,0,en,2334,RT @PeterLBrandt: Wow!!! $BTC challenging upper resistance line of parabolic advance. This is biggest bull market of my 43 years of as a trâ€¦,934607421917372416,2017-11-26 02:19:08,41481721,0.1,0.0
8,2017-12-04 13:39:03,22,en,23,"#Modex makes deployment of Smart Contracts significantly easier, faster and more cost-effectiveâ€¦ https://t.co/irxUb2rC5z",934607389117915136,2017-11-26 02:19:00,2309346044,0.6,0.0
9,2017-12-04 13:39:03,0,en,2334,RT @PeterLBrandt: Wow!!! $BTC challenging upper resistance line of parabolic advance. This is biggest bull market of my 43 years of as a trâ€¦,934607367051927552,2017-11-26 02:18:55,471390402,0.1,0.0
10,2017-12-04 13:39:03,0,en,2745,"RT @CryptoMarketPro: #Bitcoin $BTC Giveaway:

We are giving away 0.5 (~4,075$) #BTC to a random person who likes and retweets this tweet. Lâ€¦",934607328674009089,2017-11-26 02:18:45,154571433,0.1,0.0
11,2017-12-04 13:39:04,0,en,604,"RT @jury2beonline: Price Analysis, November 20: Bitcoin, Ethereum, Bitcoin Cash, Ripple, Litecoin

Bitcoin: On Nov. 12, Bitcoin hit... httpâ€¦",934606701298249728,2017-11-26 02:16:16,906787601905999872,0.3,0.0
12,2017-12-04 13:39:04,0,en,812,"RT @jury2beonline: Price Analysis, November 20: Bitcoin, Ethereum, Bitcoin Cash, Ripple, Litecoin. @Cointelegraph 
https://t.co/wl4c4TadRj",934606686253281280,2017-11-26 02:16:12,906787601905999872,0.2,0.0
13,2017-12-04 13:39:04,0,en,82,RT @that1mum: The worst part about heartbreak isn't the initial storm; it's the little waves of pain that ripple and knock you off your feeâ€¦,934606347475259392,2017-11-26 02:14:52,2344327556,-0.9,0.0
14,2017-12-04 13:39:04,0,en,74,RT @Trudacious: Sipping on the ripple of time,934606116419403776,2017-11-26 02:13:56,922738442298986496,0.0,0.0
15,2017-12-04 13:39:04,0,en,399,"RT @Ripple: Ripple is growing and with the appointment of @benlawsky as a new board member and @ronxwill as our new CFO, weâ€™re on a path toâ€¦",934605531095769088,2017-11-26 02:11:37,3409809614,0.0,0.0
16,2017-12-04 13:39:04,0,en,74,RT @Trudacious: Sipping on the ripple of time,934605185434947584,2017-11-26 02:10:14,595582707,0.0,0.0
17,2017-12-04 13:39:04,0,en,604,"RT @jury2beonline: Price Analysis, November 20: Bitcoin, Ethereum, Bitcoin Cash, Ripple, Litecoin

Bitcoin: On Nov. 12, Bitcoin hit... httpâ€¦",934604792051015680,2017-11-26 02:08:41,903670438663831553,0.3,0.0
18,2017-12-04 13:39:05,0,en,812,"RT @jury2beonline: Price Analysis, November 20: Bitcoin, Ethereum, Bitcoin Cash, Ripple, Litecoin. @Cointelegraph 
https://t.co/wl4c4TadRj",934604775684939776,2017-11-26 02:08:37,903670438663831553,0.2,0.0
19,2017-12-04 13:39:05,0,en,74,RT @Trudacious: Sipping on the ripple of time,934603389278851077,2017-11-26 02:03:06,70138696,0.0,0.0
20,2017-12-04 13:39:05,0,en,74,RT @Trudacious: Sipping on the ripple of time,934602946926477312,2017-11-26 02:01:21,4140029538,0.0,0.0
21,2017-12-04 13:39:06,0,en,45,"RT @cryptoSqueeze: Bought a bit of $XRP.
XRP/BTC stable at strong support.
XRP/USD still in consolidation.
Huge volume buyups (16th Nov etcâ€¦",934602041560723457,2017-11-26 01:57:45,4291626075,0.1,0.0
22,2017-12-04 13:39:06,0,en,74,RT @Trudacious: Sipping on the ripple of time,934601634289561600,2017-11-26 01:56:08,2850468688,0.0,0.0
23,2017-12-04 13:39:06,0,en,137,RT @Jawzod: BLUE COLLAR BOYS | Watch @EvanParkerXXX's washboard abs ripple while drilling #CalebJohnson's tight little ass until he blows hâ€¦,934601535081799680,2017-11-26 01:55:44,794111255954997248,-0.1,0.0
24,2017-12-04 13:39:06,0,en,45,"RT @cryptoSqueeze: Bought a bit of $XRP.
XRP/BTC stable at strong support.
XRP/USD still in consolidation.
Huge volume buyups (16th Nov etcâ€¦",934601208135811077,2017-11-26 01:54:26,41140413,0.1,0.0
25,2017-12-04 13:39:06,0,en,22,"RT @Catherin03: freezing
is a slow death

no longer captive
to wild beats
and flame

blood begins to ripple
instead of rush

the heart becoâ€¦",934601157434945536,2017-11-26 01:54:14,509781514,-0.2,0.0
26,2017-12-04 13:39:06,0,en,28,"RT @BilalKamal18: $100 litecoin coming sooner than expected. Embrace yourselves folks . 
Be a part of history.
#ltc #litecoin https://t.co/â€¦",934607826982522880,2017-11-26 02:20:44,833742196155248640,0.0,0.0
27,2017-12-04 13:39:06,0,en,28,"RT @BilalKamal18: $100 litecoin coming sooner than expected. Embrace yourselves folks . 
Be a part of history.
#ltc #litecoin https://t.co/â€¦",934607507540140034,2017-11-26 02:19:28,40586737,0.0,0.0
28,2017-12-04 13:39:06,0,en,633,RT @LucydLtd: Its on! Seize the day with a massive 50% bonus when you join the Lucyd AR ICO this Friday the 24th (12a-12a GMT). Go to httpsâ€¦,934607504692142080,2017-11-26 02:19:27,2742141291,0.0,0.0
29,2017-12-04 13:39:07,0,en,36,RT @BTC4USD: Feeling creative this morn. In honor of the #litecoin dip... https://t.co/Djrx2sFapI,934607439780917249,2017-11-26 02:19:12,162574090,0.5,0.0
30,2017-12-04 13:39:07,0,en,356,"RT @SatoshiLite: In case this meme needs explaining...

Litecoin is Vegeta to Bitcoin's Goku. And Vegeta is reading Goku's power level andâ€¦",934607068866244608,2017-11-26 02:17:44,1405784304,0.0,0.0
31,2017-12-04 13:39:07,0,en,356,"RT @SatoshiLite: In case this meme needs explaining...

Litecoin is Vegeta to Bitcoin's Goku. And Vegeta is reading Goku's power level andâ€¦",934606919477669889,2017-11-26 02:17:08,973261472,0.0,0.0
32,2017-12-04 13:39:07,0,en,84,RT @ltc: Litecoin to the moon! $LTC,934606913622429696,2017-11-26 02:17:07,375051214,0.0,0.0
33,2017-12-04 13:39:07,0,en,356,"RT @SatoshiLite: In case this meme needs explaining...

Litecoin is Vegeta to Bitcoin's Goku. And Vegeta is reading Goku's power level andâ€¦",934606897507741697,2017-11-26 02:17:03,366415403,0.0,0.0
34,2017-12-04 13:39:07,0,en,309,"RT @ORACLEofETH: The #cryptocurrency market will dwarf the dot com bubble of the 90s... 

1 Year Price Prediction:
#Bitcoin: $25,000
#Litecâ€¦",934606845641027584,2017-11-26 02:16:50,405298196,0.1,0.0
35,2017-12-04 13:39:07,0,en,356,"RT @SatoshiLite: In case this meme needs explaining...

Litecoin is Vegeta to Bitcoin's Goku. And Vegeta is reading Goku's power level andâ€¦",934606745896439808,2017-11-26 02:16:27,4831389231,0.0,0.0
36,2017-12-04 13:39:07,0,en,633,RT @LucydLtd: Its on! Seize the day with a massive 50% bonus when you join the Lucyd AR ICO this Friday the 24th (12a-12a GMT). Go to httpsâ€¦,934606544431435776,2017-11-26 02:15:38,509096907,0.0,0.0
37,2017-12-04 13:39:07,0,en,356,"RT @SatoshiLite: In case this meme needs explaining...

Litecoin is Vegeta to Bitcoin's Goku. And Vegeta is reading Goku's power level andâ€¦",934606500949094400,2017-11-26 02:15:28,103451046,0.0,0.0
38,2017-12-04 13:39:08,0,en,633,RT @LucydLtd: Its on! Seize the day with a massive 50% bonus when you join the Lucyd AR ICO this Friday the 24th (12a-12a GMT). Go to httpsâ€¦,934606470502600704,2017-11-26 02:15:21,729281216097202177,0.0,0.0
39,2017-12-04 13:39:08,0,en,660,"RT @ORACLEofETH: Oh you know its coming... how could I resist?

If #Litecoin hits $100 by tomorrow...
Ill send 1 $LTC to EVERYONE that RETWâ€¦",934606196350189568,2017-11-26 02:14:16,52648026,0.0,0.0
40,2017-12-04 13:39:08,0,en,91,RT @l0sh11: Made money from the Litecoin price rise today? Why not donate to the Litecoin Foundation who'll help fund future Litecoin develâ€¦,934606154658959361,2017-11-26 02:14:06,898195275436740613,0.0,0.0
41,2017-12-04 13:39:08,0,en,60,RT @REALISTO_TOKEN: Our ICO is LIVE and we are proud to accept Litecoin! Join us in the real estate revolution! Already more than 880k USDâ€¦,934606152574341121,2017-11-26 02:14:05,816270222231531520,0.4,0.0
42,2017-12-04 13:39:08,0,en,36,RT @BTC4USD: Feeling creative this morn. In honor of the #litecoin dip... https://t.co/Djrx2sFapI,934605985498451969,2017-11-26 02:13:25,913338014679658496,0.5,0.0
43,2017-12-04 13:39:08,0,en,536,"RT @whosamiam: If #LTC hits $90 by tomorrow
I will send 1 $ltc to EVERYONE that RETWEETS and LIKES this #litecoin",934605736344133633,2017-11-26 02:12:26,758263364497788931,0.5,0.0
44,2017-12-04 13:39:08,0,en,36,RT @BTC4USD: Feeling creative this morn. In honor of the #litecoin dip... https://t.co/Djrx2sFapI,934605498955042816,2017-11-26 02:11:29,916807979751616512,0.5,0.0
45,2017-12-04 13:39:09,0,en,36,RT @BTC4USD: Feeling creative this morn. In honor of the #litecoin dip... https://t.co/Djrx2sFapI,934605194113019904,2017-11-26 02:10:17,930813732560752640,0.5,0.0
46,2017-12-04 13:39:09,0,en,356,"RT @SatoshiLite: In case this meme needs explaining...

Litecoin is Vegeta to Bitcoin's Goku. And Vegeta is reading Goku's power level andâ€¦",934605049904422912,2017-11-26 02:09:42,898195275436740613,0.0,0.0
47,2017-12-04 13:39:09,0,en,156,RT @Blockchainlife: Switzerland is one of the most bitcoin friendly countries. Private bank Falcon in Switzerland was the first private banâ€¦,934604921663565824,2017-11-26 02:09:12,908703318909874176,0.2,0.0
48,2017-12-04 13:39:09,0,en,91,RT @l0sh11: Made money from the Litecoin price rise today? Why not donate to the Litecoin Foundation who'll help fund future Litecoin develâ€¦,934604712074268672,2017-11-26 02:08:22,892928045622763520,0.0,0.0
49,2017-12-04 13:39:09,0,en,36,RT @BTC4USD: Feeling creative this morn. In honor of the #litecoin dip... https://t.co/Djrx2sFapI,934604681623539712,2017-11-26 02:08:14,892928045622763520,0.5,0.0
50,2017-12-04 13:39:09,0,en,660,"RT @ORACLEofETH: Oh you know its coming... how could I resist?

If #Litecoin hits $100 by tomorrow...
Ill send 1 $LTC to EVERYONE that RETWâ€¦",934604630415175681,2017-11-26 02:08:02,934248628440375297,0.0,0.0
51,2017-12-04 13:39:09,0,en,536,"RT @whosamiam: If #LTC hits $90 by tomorrow
I will send 1 $ltc to EVERYONE that RETWEETS and LIKES this #litecoin",934604516179156992,2017-11-26 02:07:35,934248628440375297,0.5,0.0
52,2017-12-04 13:39:09,0,en,660,"RT @ORACLEofETH: Oh you know its coming... how could I resist?

If #Litecoin hits $100 by tomorrow...
Ill send 1 $LTC to EVERYONE that RETWâ€¦",934604426433744896,2017-11-26 02:07:14,139241420,0.0,0.0
53,2017-12-04 13:39:10,0,en,633,RT @LucydLtd: Its on! Seize the day with a massive 50% bonus when you join the Lucyd AR ICO this Friday the 24th (12a-12a GMT). Go to httpsâ€¦,934604279448522753,2017-11-26 02:06:38,150706075,0.0,0.0
54,2017-12-04 13:39:01,0,en,767,RT @LatiumCoin: Head to https://t.co/3Q9NESwW9V to take part in the Whitelist Sale! You donâ€™t want to miss it! $ETH $BTC,934607675152838657,2017-11-26 02:20:08,2740988729,-0.1,0.0
55,2017-12-04 13:39:01,0,en,33,"RT @JuKa_JP: Register and download BTC mining on your computer
Minimum payout 0.0002 BTC.
https://t.co/eJZ8TAcqjl",934607694090133504,2017-11-26 02:20:13,821462740082524160,-0.1,0.0
56,2017-12-04 13:39:01,0,en,2334,RT @PeterLBrandt: Wow!!! $BTC challenging upper resistance line of parabolic advance. This is biggest bull market of my 43 years of as a trâ€¦,934607705611923456,2017-11-26 02:20:15,14919788,0.1,0.0
57,2017-12-04 13:39:01,0,en,177,RT @AdFunnelTech: Funnel Project is believes that #cryptocurrency &amp; #blockchain technology is the next big thing in 2018 onwards. Stay tuneâ€¦,934607729808760834,2017-11-26 02:20:21,921699443149225986,0.0,0.0
58,2017-12-04 13:39:01,0,en,24,RT @Vindyne8: #DropDeck explained under 2 minutes (version 2) https://t.co/8mzhO4PvG2 #eth #btc #blockchain #ICO https://t.co/naSyJXQwCW,934607757352693760,2017-11-26 02:20:28,924599565730197504,-0.1,0.0
59,2017-12-04 13:39:01,0,en,2334,RT @PeterLBrandt: Wow!!! $BTC challenging upper resistance line of parabolic advance. This is biggest bull market of my 43 years of as a trâ€¦,934607826395320320,2017-11-26 02:20:44,294909683,0.1,0.0
60,2017-12-04 13:39:00,0,en,1013,"RT @bitcoin_doctor: You know what I'm feeling so generous! I got litecoin at 2$ a coin, how about this one follower who retweets &amp; followsâ€¦",934607828509175809,2017-11-26 02:20:45,245536663,0.3,0.0
61,2017-12-04 13:39:00,0,en,35,"RT @real_vijay: @jp_koning However, this puts the cart before the horse. Money evolves in stages:

1. Collectible
2. SOV
3. MOE
4. Unit ofâ€¦",934607844023861248,2017-11-26 02:20:48,4775146395,0.0,0.0
62,2017-12-04 13:39:00,0,en,674,"RT @wirelineio: The history of #Ethereum in 500 words ... 
https://t.co/9l4TX1KIFo",934607024578428928,2017-11-26 02:17:33,759480433872478209,0.0,0.0
63,2017-12-04 13:39:00,0,en,662,"RT @wirelineio: Number of #Ethereum Developers is Rapidly Rising, as Shown by Truffle https://t.co/D49ptsSzMo",934606985307107328,2017-11-26 02:17:24,759480433872478209,-0.1,0.0
64,2017-12-04 13:39:00,0,en,872,"RT @AigangNetwork: Aigang Platform working on Ethereum Testnet environement, with operation of the DAO insurance platform, including contriâ€¦",934607027359363073,2017-11-26 02:17:34,2807256426,0.0,0.0
65,2017-12-04 13:39:00,0,en,36,"RT @edmundedgar: People working on building apps on Ethereum: Me and like 199,999 other devs. People working on making Ethereum scale big eâ€¦",934607044103016448,2017-11-26 02:17:38,600179875,-0.2,0.0
66,2017-12-04 13:39:00,0,en,620,"RT @earthtokens: VIDEO explainer: Earth Token ""What is #climate neutral Fuel?"" https://t.co/fyAydbSac9 #ico #token #coin #bitcoin #ethereumâ€¦",934607055482220544,2017-11-26 02:17:40,606190403,0.0,0.0
67,2017-12-04 13:39:00,0,en,600,"RT @peerguess: A friendly reminder! 

Tomorrow, 25 November 2017, is the last day for 60% BONUS for Peeruess ICO.

Don't hesitate to ask quâ€¦",934607063363280898,2017-11-26 02:17:42,2806793325,0.4,0.0
68,2017-12-04 13:39:00,0,en,1412,"RT @Aurora_dao: Did you know you get paid in our network token, $AURA, to trade on #IDEX? AURA will be used for staking the next version ofâ€¦",934607072884338690,2017-11-26 02:17:44,2804926557,0.0,0.0
69,2017-12-04 13:39:00,0,en,309,"RT @ORACLEofETH: The #cryptocurrency market will dwarf the dot com bubble of the 90s... 

1 Year Price Prediction:
#Bitcoin: $25,000
#Litecâ€¦",934607097282682880,2017-11-26 02:17:50,896913070899048448,0.1,0.0
70,2017-12-04 13:39:00,0,en,771,RT @wirelineio: Become an early adopter in the #blockchain revolution for just $21 this week https://t.co/JiHBx0YgVM via @PopSci,934607135882674181,2017-11-26 02:18:00,759480433872478209,0.8,0.0
71,2017-12-04 13:39:00,0,en,872,"RT @AigangNetwork: Aigang Platform working on Ethereum Testnet environement, with operation of the DAO insurance platform, including contriâ€¦",934607178090065920,2017-11-26 02:18:10,2806771347,0.0,0.0
72,2017-12-04 13:39:00,0,en,1538,RT @WandXDapp: The first of many innovations around our smart contracts! #TokenSale #ICO #ETHEREUM #Blockchain #wandx - https://t.co/UhVjQBâ€¦,934607198826717189,2017-11-26 02:18:15,729371640467959808,0.0,0.0
73,2017-12-04 13:38:59,0,en,897,"RT @TotumTeam: Baltic Honeybadger 2017
2 Days and 24 Speakers
Whatâ€™s next?
#bh2017 #baltichoneybadger #conference #international #totum #woâ€¦",934607214580510720,2017-11-26 02:18:18,2806834642,0.0,0.0
74,2017-12-04 13:38:59,0,en,869,"RT @AigangNetwork: Thanks for the shoutout from our friends @TheNextWeb  
#aigang #tokensale #blockchain #bitcoin #ethereum 
https://t.co/râ€¦",934607223157698560,2017-11-26 02:18:20,2742067281,0.6,0.0
75,2017-12-04 13:38:59,0,en,997,"RT @blocklancer: First Freelance gig successfully completed! âœï¸ðŸ‘¨â€ðŸ’»ðŸ‘©â€ðŸ’»

Everything is working as intended in the Alpha Release.

Congrats toâ€¦",934607233744232448,2017-11-26 02:18:23,4314374594,0.1,0.0
76,2017-12-04 13:38:59,0,en,690,"RT @blockchainchick: I interview Peter Fedchenkov, founder of @INS_Ecosystem and explore how blockchain tech can disrupt traditional grocerâ€¦",934607238039261184,2017-11-26 02:18:24,2739644451,0.3,0.0
77,2017-12-04 13:38:59,0,en,723,"RT @blocklancer: Blocklancer Dev Diary #2 - Introducing the Blocklancer Platform Manual

https://t.co/ae1dZzQkox

#Ethereum #Blockchain #Toâ€¦",934607293169020928,2017-11-26 02:18:37,4314374594,0.0,0.0
78,2017-12-04 13:38:59,0,en,620,"RT @earthtokens: VIDEO explainer: Earth Token ""What is #climate neutral Fuel?"" https://t.co/fyAydbSac9 #ico #token #coin #bitcoin #ethereumâ€¦",934607294591094784,2017-11-26 02:18:37,2737071713,0.0,0.0
79,2017-12-04 13:38:59,0,en,26,"RT @Tap_Coin: ICO Update! 50% Bonus + Lowered Hard Cap! learn more! https://t.co/lULviIOkhh
#tapcoin #ethereum #bitcoin #cryptocurrency #ICO",934607294981132289,2017-11-26 02:18:37,827143982,0.0,0.0
80,2017-12-04 13:38:59,0,en,818,RT @cryptonetix: Cryptonetix ICO is now live! https://t.co/hEIEmFbQxY #crypto #blockchain #ethereum #bitcoin #trading,934607304657457158,2017-11-26 02:18:40,606190403,0.2,0.0
81,2017-12-04 13:38:59,0,en,818,RT @cryptonetix: Cryptonetix ICO is now live! https://t.co/hEIEmFbQxY #crypto #blockchain #ethereum #bitcoin #trading,934607369320976384,2017-11-26 02:18:55,2743130818,0.2,0.0
82,2017-12-04 13:38:59,0,en,897,"RT @TotumTeam: Baltic Honeybadger 2017
2 Days and 24 Speakers
Whatâ€™s next?
#bh2017 #baltichoneybadger #conference #international #totum #woâ€¦",934607402531422209,2017-11-26 02:19:03,729371640467959808,0.0,0.0
83,2017-12-04 13:38:59,0,en,690,"RT @blockchainchick: I interview Peter Fedchenkov, founder of @INS_Ecosystem and explore how blockchain tech can disrupt traditional grocerâ€¦",934607458936467457,2017-11-26 02:19:17,126917956,0.3,0.0
84,2017-12-04 13:38:59,0,en,49,RT @verif_yas: what do you know about #ethereum? https://t.co/cVGzFKAed8,934607462086221824,2017-11-26 02:19:17,2366652050,0.0,0.0
85,2017-12-04 13:38:59,0,en,876,"RT @StartimaProject: Startima #ICO is already started and open to all contributors! ðŸ™ŒðŸ»ðŸ™ŒðŸ»
Go to https://t.co/E5yQDQnG5U and get your tokensâ€¦",934607466716901377,2017-11-26 02:19:18,2737649793,0.0,0.0
86,2017-12-04 13:38:59,0,en,1063,"RT @blocklancer: @blocklancer says ""Goodbye"" to #Slack and migrates to #Rocket.Chat. 

We welcome everybody in our newly created chat-room:â€¦",934607468453228547,2017-11-26 02:19:19,4314374594,0.1,0.0
87,2017-12-04 13:38:58,0,en,685,RT @Aurora_dao: $COV by @covesting is now listed on #IDEX decentralized exchange! https://t.co/OdsGVlxacH #ethereum $DVIP #cryptocurrency,934607468767973376,2017-11-26 02:19:19,2774085245,0.0,0.0
88,2017-12-04 13:38:58,0,en,146,RT @campuscodi: Hackers Are Scanning the Internet for Exposed Bitcoin and Ethereum Wallets https://t.co/wR2lrQSp0i #bitcoin #ethereum #crypâ€¦,934607477823348736,2017-11-26 02:19:21,24488626,-0.2,0.0
89,2017-12-04 13:38:58,0,en,54,"RT @verif_yas: which GASPRICE to use? , check out https://t.co/TdOpgkiql6  #ethereum #cryptocurrency",934607498283171840,2017-11-26 02:19:26,2366652050,0.0,0.0
90,2017-12-04 13:38:58,0,en,1134,RT @blocklancer: @blocklancer is proud to announce that the Alpha release is online now! ðŸš€For more information please see: https://t.co/mjQâ€¦,934607500401303552,2017-11-26 02:19:26,4314374594,0.3,0.0
91,2017-12-04 13:38:58,0,en,871,"RT @blocklancer: Partnership Announcement: @StarbaseCo and @blocklancer Partner to Expand Business Solutions.

https://t.co/KJdMsR7uFt

#Etâ€¦",934607555916996613,2017-11-26 02:19:40,4314374594,0.0,0.0
92,2017-12-04 13:38:58,0,en,763,"RT @blocklancer: @blocklancer is looking forward to the partnership with @StarbaseCo 

#Blockchain #Ethereum #TokenSale #Bitcoin https://t.â€¦",934607578880917504,2017-11-26 02:19:45,4314374594,0.0,0.0
93,2017-12-04 13:38:58,0,en,94,RT @verif_yas: calculating #ethereum #transaction cost https://t.co/GDITBqd768,934607602083758082,2017-11-26 02:19:51,2366652050,-0.1,0.0
94,2017-12-04 13:38:58,0,en,92,"RT @verif_yas: Verify coverage on Wamda, leading tech news site for the Middle East! https://t.co/h5hMqK313N",934607620937093120,2017-11-26 02:19:55,2366652050,0.0,0.0
95,2017-12-04 13:38:58,0,en,124,"RT @verif_yas: Verify coverage on Wamda, leading tech news site for the Middle East! https://t.co/6o07NBdKjP",934607673722486784,2017-11-26 02:20:08,2366652050,0.0,0.0
96,2017-12-04 13:38:57,0,en,685,RT @Aurora_dao: $COV by @covesting is now listed on #IDEX decentralized exchange! https://t.co/OdsGVlxacH #ethereum $DVIP #cryptocurrency,934607718446518273,2017-11-26 02:20:18,606190403,0.0,0.0
97,2017-12-04 13:38:57,0,en,824,RT @cryptonetix: Cryptonetix ICO is NOW OPEN! https://t.co/hEIEmFtrpw - Next Generation Analytics for the Cryptocurrency Markets! #ICO #cryâ€¦,934607728764489728,2017-11-26 02:20:21,2743130818,0.0,0.0
98,2017-12-04 13:38:56,0,en,771,RT @wirelineio: Become an early adopter in the #blockchain revolution for just $21 this week https://t.co/JiHBx0YgVM via @PopSci,934607763770134528,2017-11-26 02:20:29,116332345,0.8,0.0
99,2017-12-04 13:38:56,0,en,2745,"RT @CryptoMarketPro: #Bitcoin $BTC Giveaway:

We are giving away 0.5 (~4,075$) #BTC to a random person who likes and retweets this tweet. Lâ€¦",934607590805377024,2017-11-26 02:19:48,550699221,0.1,0.0
100,2017-12-04 13:38:56,0,en,634,"RT @rocketico_io: Great news! RocketICO Integrates with Bancor! https://t.co/V3fTpMBJxv
#ico #blockchain #bitcoin #rocket #btc #eth #neo #dâ€¦",934607603862331392,2017-11-26 02:19:51,2808262913,0.7,0.0
101,2017-12-04 13:38:56,0,en,111,"RT @Fisher85M: What are the most well-funded #Blockchain companies?

#fintech #cryptocurrency #CyberSecurity #bitcoin #Crypto #infosec #VCâ€¦",934607605451952128,2017-11-26 02:19:51,885894544587464705,0.1,0.0
102,2017-12-04 13:38:56,0,en,758,"RT @fintab_io: Announcement of the FinTab ecosystem
FinTab is an analytical system based on the financial accounting service for crypto curâ€¦",934607609964965888,2017-11-26 02:19:53,391124408,0.4,0.0
103,2017-12-04 13:38:55,0,en,93,RT @verif_yas: #bitcoin #ethereum #cryptocurrency #ico We have something we want to tell you,934607638284853248,2017-11-26 02:19:59,2366652050,0.2,0.0
104,2017-12-04 13:38:55,0,en,356,"RT @SatoshiLite: In case this meme needs explaining...

Litecoin is Vegeta to Bitcoin's Goku. And Vegeta is reading Goku's power level andâ€¦",934607637072584710,2017-11-26 02:19:59,362047928,0.0,0.0
105,2017-12-04 13:38:55,71,en,41,"Yes. Agreed. This is why, IMO, BitcoinCash is too early. Whereas #Bitcoin will = MOE when it reaches $100,000. https://t.co/ZEtRVlDXHN",934607640134586368,2017-11-26 02:20:00,20374262,0.0,0.0
106,2017-12-04 13:38:55,0,en,763,"RT @blocklancer: @blocklancer is looking forward to the partnership with @StarbaseCo 

#Blockchain #Ethereum #TokenSale #Bitcoin https://t.â€¦",934607651551563781,2017-11-26 02:20:02,4705123982,0.0,0.0
107,2017-12-04 13:38:55,0,en,818,RT @cryptonetix: Cryptonetix ICO is now live! https://t.co/hEIEmFbQxY #crypto #blockchain #ethereum #bitcoin #trading,934607653724180480,2017-11-26 02:20:03,2742155267,0.2,0.0
108,2017-12-04 13:38:55,0,en,61,RT @real_vijay: Few people have a mental model for this because no one alive has seen a good being monetized in real-time as is happening tâ€¦,934607655729008640,2017-11-26 02:20:03,3433858259,-0.1,0.0
109,2017-12-04 13:38:55,0,en,115,RT @verif_yas: we are live https://t.co/xHsgWZfgSt #bitcoin #ico #cryptocurrency #ethereum,934607656777428995,2017-11-26 02:20:04,2366652050,0.2,0.0
110,2017-12-04 13:38:55,0,en,38,RT @SteveBartlettSC: Bitcoin is 10000000% a bubble. My timelines are now full of ordinary (non-investor) people who have no idea what it isâ€¦,934607660510355456,2017-11-26 02:20:05,32803453,-0.3,0.0
111,2017-12-04 13:38:54,0,en,728,"RT @blocklancer: @blocklancer is looking forward to the partnership with @StarbaseCo 

#Ethereum #TokenSale #Bitcoin #Blockchain https://t.â€¦",934607666868916224,2017-11-26 02:20:06,4314374594,0.0,0.0
112,2017-12-04 13:38:54,0,en,272,RT @natalietran: At some point in the future Iâ€™ll remember that fork in the road where I chose not to learn what bitcoin was and how everytâ€¦,934607682652082176,2017-11-26 02:20:10,212541313,0.1,0.0
113,2017-12-04 13:38:54,0,en,171,"RT @TheRealXinxi: If I remember correctly, 1 year ago, Litecoin had only a few thousands nodes. Now itâ€™s 14339, 23% of Bitcoinâ€™s 62144 nodeâ€¦",934607684732669952,2017-11-26 02:20:10,4224479243,0.1,0.0
114,2017-12-04 13:38:54,0,en,125,RT @verif_yas: #bitcoin #ethereum #ico join us on https://t.co/xHsgWZfgSt  #cryptocurrency,934607692504604673,2017-11-26 02:20:12,2366652050,0.3,0.0
115,2017-12-04 13:38:53,0,en,135,RT @verif_yas: sign up on our website https://t.co/1UEW5HAYAE to get updated on our #ico #ethereum #bitcoin,934607710854639617,2017-11-26 02:20:17,2366652050,0.0,0.0
116,2017-12-04 13:38:53,0,en,9076,"RT @CryptoCobain: If bitcoin goes over $12,000 in the next 2 years I will give everyone that retweets this tweet $1,000",934607734485409792,2017-11-26 02:20:22,929352152283103232,-0.3,0.0
117,2017-12-04 13:38:53,0,en,170,RT @verif_yas: why verify? https://t.co/uGCoGNbq23 #ico #ethereum #bitcoin,934607735517093889,2017-11-26 02:20:22,2366652050,0.0,0.0
118,2017-12-04 13:38:53,0,en,168,"RT @Blockchainlife: #Bitcoin average daily value change:
2011: +0.76%
2012: +0.26%
2013: +1.11%
2014: -0.25%
2015: +0.09%
2016: +0.22%
2017â€¦",934607746258931712,2017-11-26 02:20:25,199973448,0.0,0.0
119,2017-12-04 13:38:52,0,en,98,"RT @BleepinComputer: There's Some Intense Web Scans Going on for Bitcoin and Ethereum Wallets by @campuscodi
https://t.co/VIHaYVtpTh",934607755922391040,2017-11-26 02:20:27,3309799441,0.8,0.0
120,2017-12-04 13:38:52,0,en,989,"RT @Ahcene2022: Toop new webset mining-(bitcoin &amp; USD)
Toop new mining bitcoin withdraw 0.0001btcðŸ˜²ðŸ˜²ðŸ˜²
Sebtscreb free 100/GHðŸ˜¨ðŸ˜¨
KOOOOðŸ‘‡ðŸ‘‡ðŸ‘‡ðŸ‘‡
Refeâ€¦",934607770174873601,2017-11-26 02:20:31,772806309821444096,0.7,0.0
121,2017-12-04 13:38:52,0,en,734,RT @alttradex: ATXT tokens are $0.25 at ICO with 20% BONUS on the first $1M https://t.co/QGeqI8Cp9E #Alttradex #ICO #Crypto #Bitcoin #Etherâ€¦,934607775078014976,2017-11-26 02:20:32,2742159664,0.0,0.0
122,2017-12-04 13:38:52,0,en,185,RT @Blockchainlife: There are currently 1838 #Bitcoin ATMs in 59 countries with 24 producers and 298 operators. #Cryptocurrency https://t.câ€¦,934607775795163136,2017-11-26 02:20:32,199973448,0.0,0.0
123,2017-12-04 13:38:52,0,en,309,RT @WSJ: States are changing laws to allow bitcoin to be used in property transactions https://t.co/YJZO0BvDHp,934607783630196736,2017-11-26 02:20:34,89231865,0.0,0.0
124,2017-12-04 13:38:52,0,en,219,"RT @MikeTracy45: If #Bitcoin hits $9000 by tomorrow..
I will send 0.1 BTC to ONE that RETWEETS and FOLLOWS
#btc $omg $neo $eth $btc $xvg $sâ€¦",934607793155461120,2017-11-26 02:20:36,902267637123743744,0.0,0.0
125,2017-12-04 13:38:52,0,en,229,RT @verif_yas: Check this #ico's sane tokensale caps https://t.co/WP2u8LxvD7 #bitcoin #ethereum #TokenSale,934607814881771520,2017-11-26 02:20:41,2366652050,0.3,0.0
126,2017-12-04 13:38:52,0,en,385,"RT @Crypticsup: #cryptics #crowdsale #bitcoin  #ico Cryptocurrency forecast for 25.11.2017
https://t.co/f4qSXoZ7DN https://t.co/cGEsdo7Obf",934607815980847104,2017-11-26 02:20:42,180509466,0.2,0.0
127,2017-12-04 13:38:51,0,en,460,"RT @Cointed_ICO: #Digitalcurrencies are often deemed to be too risky of an investment. Yet, we see the most conservative investment companiâ€¦",934607830027522054,2017-11-26 02:20:45,504886275,0.0,0.0
128,2017-12-04 13:38:51,0,en,1149,"RT @AigangNetwork: We are only 1 day away! Token Sale is Tomorrow November 15th! 
Don't miss out on your chance to invest. 
To sign up andâ€¦",934607831923331072,2017-11-26 02:20:45,2807256426,0.0,0.0
129,2017-12-04 13:38:51,0,en,281,"RT @rogerkver: Bitcoin Cash is what Bitcoin used to be, a working/usable P2P decentralised digital currency.
https://t.co/NiKeiIWuhp",934607844908789760,2017-11-26 02:20:49,930747551820652544,0.1,0.0
130,2017-12-04 13:30:40,281,en,260,"Bitcoin surged past $9,000 for the first time, just six days after topping $8,000 https://t.co/vXBzlEUy91 https://t.co/6jTzg3FO6G",934885356457136128,2017-11-26 20:43:32,34713362,-0.3,0.0
131,2017-12-04 13:30:40,323,en,198,12.6M Viewers Will Hear About Bitcoin Watching The Big Bang Theory https://t.co/SWCWfMBuS5 #Bitcoin https://t.co/zcdD81RsOK,934883761409404928,2017-11-26 20:37:12,3367334171,0.8,0.0
132,2017-12-04 13:30:40,768,en,526,"Bitcoin is over $9,000 https://t.co/kUbj9zNCjY https://t.co/wjo0FR3vBo",934824642010931200,2017-11-26 16:42:17,816653,0.0,0.0
133,2017-12-04 13:30:41,227,en,57,Siacoin is down 82% in the last 6 months. Siacoin can teach all of us a great lesson. Don't fall in love with projeâ€¦ https://t.co/y34BkeLa2C,934642313674067970,2017-11-26 04:37:47,103451046,0.2,0.0
134,2017-12-04 13:35:38,73,en,47,1$BTC = 1M$JPYðŸ˜± https://t.co/R6EBAeKXSN,934682365590245376,2017-11-26 07:16:56,4143991,0.6,0.0
135,2017-12-04 13:28:27,297,en,159,Each metaphor is a ripple https://t.co/9jjwddwUHG,934633146682888192,2017-11-26 04:01:21,22221965,-0.1,0.0
136,2017-12-04 13:28:27,156,en,94,Very interesting...you should add @gonetwork_co to your tracker. Telegram almost 10k members and it's still under tâ€¦ https://t.co/se4RPiKvjW,934607851338846218,2017-11-26 02:20:50,103451046,0.3,0.0
137,2017-12-04 13:28:27,148,en,79,"#BITCOIN IS OVER $9,000!!! @madbitcoins @btcartgallery @excellion @satoshilite $BTC https://t.co/rkj34V1obu https://t.co/4JIhcv7sGP",934685516032892928,2017-11-26 07:29:27,5482372,0.0,0.0
138,2017-12-04 13:28:27,496,en,182,"""He went into a burning plane to save us"": When a small plane fell from the sky and hit firefighter John Meffert'sâ€¦ https://t.co/Z4HAp2ljdh",934727199273422848,2017-11-26 10:15:05,759251,-0.1,0.0
139,2017-12-04 13:28:27,189,en,110,The new @chainalysis research supports past estimates that roughly 2/3 of #bitcoin is held as a store of value (somâ€¦ https://t.co/bFz6nAnVTp,934827863060205569,2017-11-26 16:55:05,710463119886262272,0.2,0.0
140,2017-12-04 13:28:27,261,en,159,AmEx and Banco Santander will use Ripple's blockchain network for instant intl. fund transfers. Could be a big dealâ€¦ https://t.co/PjwhaU75J5,934850515640471553,2017-11-26 18:25:06,15568127,0.1,0.0
141,2017-12-04 13:28:26,30,en,188,"We now accept Bitcoin, Bitcoin Cash, Ethereum and Litecoin as donation methods! You'll find updated links to the beâ€¦ https://t.co/0bsrapIWwi",934839805514575879,2017-11-26 17:42:32,887783229167718401,0.1,0.0
142,2017-12-04 13:28:26,965,en,233,"As we speak, the Warren Buffett of crypto currencies is fourteen years old, mowing someoneâ€™s lawn for more money toâ€¦ https://t.co/5EPukXOFkS",934822235071827969,2017-11-26 16:32:43,22522178,0.1,0.0
143,2017-12-04 13:28:26,433,en,273,#Devcon3 videos now available! See #Ethereum blog post for more info https://t.co/qEICWngmN2,934914568228352000,2017-11-26 22:39:37,2312333412,0.2,0.0
144,2017-12-04 13:28:26,24,en,150,@ShawnOwenSALT at @SaltLending says despite the challenges facing many #Ethereum projects SALT can make a lending mâ€¦ https://t.co/JDXWjluohI,934845825200676870,2017-11-26 18:06:27,428151039,0.2,0.0
145,2017-12-04 13:28:26,608,en,454,#bitcoin now in the top 30 currencies in the world. https://t.co/72vcol1qLh,934807470186172416,2017-11-26 15:34:03,10446482,0.4,0.0
146,2017-12-04 13:28:26,749,en,427,+25 Trillion currently sitting in Fixed Income Bonds getting 1 - 2% returns.  Things might get interesting when peoâ€¦ https://t.co/2FV8EiBVzb,934785279629643776,2017-11-26 14:05:52,538399586,0.0,0.0
147,2017-12-04 13:28:26,1490,en,1083,"Bitcoin's market cap just passed Disney's.

Yes, that Disney: 
Mickey Mouse
Frozen
Star Wars
Marvel
Pixar
ABC
ESPNâ€¦ https://t.co/2eSK7evu4c",934838893379293185,2017-11-26 17:38:55,1413027896,0.3,0.0
148,2017-12-04 13:28:26,2541,en,1067,"I once met the lead dev (unpaid) of a popular Bitcoin open-source project and asked: ""what's your day job? how willâ€¦ https://t.co/FwtKjP21vX",934841656657969153,2017-11-26 17:49:54,1643500784,-0.1,0.0
149,2017-12-04 13:28:25,722,en,441,"Bitcoin Price Passes $9,000 for the First Time Ever https://t.co/VQJNfjPhj6 https://t.co/yPbWDwko7X",934759825250177024,2017-11-26 12:24:43,1333467482,0.8,0.0
150,2017-12-04 13:28:25,1082,en,657,"The price of Bitcoin just crossed $9,000!
https://t.co/fi55d4aaQr 

#CoinMarketCap #bitcoin https://t.co/iLvYm87qAw",934670263119204352,2017-11-26 06:28:50,2260491445,0.1,0.0
151,2017-12-04 13:28:25,730,en,590,When people ask what is a Bitcoin? https://t.co/HnwiDDBLh1,934621418704158721,2017-11-26 03:14:45,18576060,0.0,0.0
